name,version,license,copyright,license_url,download_url,modified,notes
OpenJDK JVMTI header,N/A,GPL-2.0-only WITH Classpath-exception-2.0,"Copyright © 2003, 2011 Oracle and/or its affiliates",https://openjdk.org/legal/gplv2+ce.html,https://github.com/openjdk/jdk8u/blob/jdk8u202-b08/jdk/src/share/javavm/export/jvmti.h,Yes,"Used as a build header for the JVMTI agent; only JNINativeInterface_ was changed to JNINativeInterface; subject to GPL-2.0-only WITH Classpath-exception-2.0; the distributed SOURCE.md identifies a public commit containing the upstream baseline, modified source, and patch."
rsync,3.4.1,GPL-3.0-or-later,"Copyright © 1996-2025 Andrew Tridgell, Wayne Davison, and others",https://github.com/RsyncProject/rsync/blob/v3.4.1/COPYING,https://download.samba.org/pub/rsync/src/rsync-3.4.1.tar.gz,No,"Distributed with the plugin as a universal macOS executable and invoked as a separate process, without static or dynamic linking to plugin code; the distributed SOURCE.md identifies a public commit containing the corresponding source, and the GPL-3.0-or-later text is included in the distribution."
sshpass,1.10,GPL-2.0-or-later,"Copyright © 2006-2011 Lingnu Open Source Consulting Ltd.; 2015-2016, 2021-2022 Shachar Shemesh",https://sourceforge.net/p/sshpass/code-git/ci/v1.10/tree/COPYING,https://sourceforge.net/projects/sshpass/files/sshpass/1.10/sshpass-1.10.tar.gz/download,No,"Distributed with the plugin as a macOS arm64 executable and invoked as a separate process, without static or dynamic linking to plugin code; the distributed SOURCE.md identifies a public commit containing the corresponding source, and the GPL-2.0-or-later text is included in the distribution."
"Trove4J, JetBrains fork",1.0.20200330,LGPL-2.1-or-later,Copyright © 2002 Eric D. Friedman and Trove contributors,https://repo1.maven.org/maven2/org/jetbrains/intellij/deps/trove4j/1.0.20200330/trove4j-1.0.20200330.pom,https://repo1.maven.org/maven2/org/jetbrains/intellij/deps/trove4j/1.0.20200330/trove4j-1.0.20200330.jar,No,"Distributed with the plugin as a separate JAR loaded by the JVM; the distributed SOURCE.md identifies a public commit containing the corresponding source JAR, and the LGPL-2.1-or-later license text is included in the distribution."
juniversalchardet,1.0.3,MPL-1.1,Copyright © 1998 Netscape Communications Corporation; Kohei TAKETA and Java port contributors,https://repo1.maven.org/maven2/com/googlecode/juniversalchardet/juniversalchardet/1.0.3/juniversalchardet-1.0.3.pom,https://repo1.maven.org/maven2/com/googlecode/juniversalchardet/juniversalchardet/1.0.3/juniversalchardet-1.0.3.jar,No,"Distributed with the plugin as a separate JAR; this distribution selects MPL-1.1 according to the upstream POM; the distributed SOURCE.md identifies a public commit containing the corresponding source JAR, and the license text is included in the distribution."
JavaBeans Activation Framework,1.2.0,CDDL-1.1,Copyright © 1997-2017 Oracle and/or its affiliates,https://github.com/javaee/activation/blob/JAF-1_2_0/LICENSE.txt,https://repo1.maven.org/maven2/com/sun/activation/javax.activation/1.2.0/javax.activation-1.2.0.jar,No,"Embedded in R8 8.4.21 as an Android Tools Repository dependency; this distribution selects CDDL-1.1; the distributed SOURCE.md identifies a public commit containing the corresponding source JAR, and the license text is included in the distribution."
Xerial SQLite JDBC,3.42.0.0,Apache-2.0 and BSD-2-Clause; SQLite core is public domain,Copyright © Taro L. Saito and Xerial contributors; Copyright © 2006 David Crawshaw; SQLite authors,https://github.com/xerial/sqlite-jdbc/blob/3.42.0.0/LICENSE,https://repo1.maven.org/maven2/org/xerial/sqlite-jdbc/3.42.0.0/sqlite-jdbc-3.42.0.0.jar,Yes,"Distributed with the plugin as a trimmed JAR; only native libraries for unsupported platforms were removed, while those needed for macOS, Linux, and Windows were retained."
"AAPT2 inclink, Jugg custom build",N/A,Apache-2.0; includes statically linked third-party components,Copyright © 2015 The Android Open Source Project; Copyright © 2024-2026 Jugg contributors,https://android.googlesource.com/platform/frameworks/base/+/a707013b78cea3586fdadf9a2f04932e823d7504/NOTICE,https://android.googlesource.com/platform/frameworks/base/+/a707013b78cea3586fdadf9a2f04932e823d7504/tools/aapt2/,Yes,Distributed with the plugin as executables for three platforms and invoked as separate processes; based on AOSP AAPT2 with customized incremental linking and Android 14/Linux compatibility; statically linked components are listed separately; no unique version can be identified.
Apache XML Commons XML APIs,1.4.01,"Apache-2.0, SAX License, and W3C Software Notice and License",Copyright © 1999-2009 The Apache Software Foundation; Copyright © 2000 W3C and others,https://repo1.maven.org/maven2/xml-apis/xml-apis/1.4.01/xml-apis-1.4.01.pom,https://repo1.maven.org/maven2/xml-apis/xml-apis/1.4.01/xml-apis-1.4.01.jar,No,"Embedded in R8 8.4.21 as a transitive dependency of Xerces2 Java; the component includes content under Apache-2.0, SAX, and W3C licenses."
Apache Commons Compress,1.21,Apache-2.0; some sevenz code comes from the public-domain LZMA SDK,Copyright © 2002-2021 The Apache Software Foundation,https://repo1.maven.org/maven2/org/apache/commons/commons-compress/1.21/commons-compress-1.21.pom,https://repo1.maven.org/maven2/org/apache/commons/commons-compress/1.21/commons-compress-1.21.jar,No,Embedded in R8 8.4.21 and distributed with the R8 JAR; some sevenz code originates from the public-domain LZMA SDK.
R8,8.4.21,BSD-3-Clause; includes additional third-party licenses,Copyright © 2016 The R8 project authors,https://r8.googlesource.com/r8/+/refs/tags/8.4.21/LICENSE,https://storage.googleapis.com/r8-releases/raw/8.4.21/r8.jar,No,Distributed with the plugin as a separate JAR; third-party components embedded in the JAR are listed separately in this inventory.
kXML2,2.3.0,BSD-style AND Public Domain,Copyright © 2002-2004 Stefan Haustein,https://repo1.maven.org/maven2/net/sf/kxml/kxml2/2.3.0/kxml2-2.3.0.pom,https://repo1.maven.org/maven2/net/sf/kxml/kxml2/2.3.0/kxml2-2.3.0.jar,No,"Embedded in R8 8.4.21 as an Android Tools dependency; org.kxml2 code is subject to BSD-style terms, while the org.xmlpull.v1 API is public domain."
Android JVMTI Apply Changes / Slicer source,N/A,Apache-2.0,Copyright © 2017-2018 The Android Open Source Project,https://android.googlesource.com/platform/tools/base/+/refs/heads/studio-main/deploy/agent/native/instrumenter.cc,https://android.googlesource.com/platform/tools/base/+archive/refs/heads/studio-main/deploy/agent/native.tar.gz,Yes,"The project includes and modifies AOSP JVMTI Apply Changes/Slicer source, compiled into the distributed JVMTI agent; Jugg adds Android 8-15 Application, ResourcesManager, ActivityThread, and ClassLoader hooks, plus best-effort fallback for optional transforms and diagnostic logging; the exact upstream commit cannot be identified, so no version is specified; modified source remains in the repository."
Android Studio / Android Plugin APIs,N/A,Apache-2.0,Copyright © 2000-2022 JetBrains s.r.o. and contributors; Copyright © 2005-2022 Google LLC and The Android Open Source Project,https://android.googlesource.com/platform/tools/base/+/refs/heads/studio-main/deploy/agent/native/instrumenter.cc / https://github.com/JetBrains/intellij-community/blob/idea/223.7571.182/LICENSE.txt,https://android.googlesource.com/platform/tools/base/+archive/refs/heads/studio-main.tar.gz / https://github.com/JetBrains/intellij-community/archive/refs/tags/idea/223.7571.182.zip,Yes,"Generated and trimmed compile stubs from Android Studio/Android Plugin APIs, used only to build compatibility modules; upstream implementation code is not bundled in the plugin distribution; only required API declarations remain, and the version cannot be fully reconstructed."
AOSP framework class stubs,N/A,Apache-2.0,Copyright © 2006-2017 The Android Open Source Project,https://android.googlesource.com/platform/frameworks/base/+/refs/tags/android-14.0.0_r1/NOTICE,https://android.googlesource.com/platform/frameworks/base/+archive/refs/heads/master/core/java/android.tar.gz,Yes,"Seven minimal compile declarations written from AOSP framework APIs, used only to build the JVMTI agent; AOSP implementation code is not bundled in the plugin distribution; API declarations were selected and simplified, and no version is specified."
Gradle Wrapper launch files,7.0.2,Apache-2.0,Copyright © 2015 the original author or authors,https://github.com/gradle/gradle/blob/v7.0.2/LICENSE,https://github.com/gradle/gradle/archive/refs/tags/v7.0.2.zip,Yes,Distributed with the plugin and copied when a target project has gradle-wrapper.properties but lacks the launch files; gradlew and gradlew.bat only remove the default -Dfile.encoding=UTF-8 JVM argument; Gradle Distribution is not included.
Kotlin Android Extensions,1.9.23,Apache-2.0,Copyright © 2010-2023 JetBrains s.r.o. and respective authors and developers,https://github.com/JetBrains/kotlin/blob/v1.9.23/license/LICENSE.txt,https://repo1.maven.org/maven2/org/jetbrains/kotlin/kotlin-android-extensions/1.9.23/kotlin-android-extensions-1.9.23.jar,Yes,"Distributed with the plugin as a modified JAR; compared with the official version, the reportRemovedError call in AndroidComponentRegistrar was removed, and three other classes only gained an empty parameter-annotation attribute."
Aalto XML,1.3.0,Apache-2.0,Copyright © 2006-present Tatu Saloranta and contributors,https://repo1.maven.org/maven2/com/fasterxml/aalto-xml/1.3.0/aalto-xml-1.3.0.pom,https://repo1.maven.org/maven2/com/fasterxml/aalto-xml/1.3.0/aalto-xml-1.3.0.jar,No,Embedded and relocated in Kotlin compiler 1.9.23 and distributed with the compiler JAR.
AAPT2 Proto,8.2.0-rc01-10154469,Apache-2.0,Copyright © 2005-2008 The Android Open Source Project,https://dl.google.com/dl/android/maven2/com/android/tools/build/aapt2-proto/8.2.0-rc01-10154469/aapt2-proto-8.2.0-rc01-10154469.pom,https://dl.google.com/dl/android/maven2/com/android/tools/build/aapt2-proto/8.2.0-rc01-10154469/aapt2-proto-8.2.0-rc01-10154469.jar,No,AAPT2 Proto is embedded in R8 8.4.21 and distributed with the R8 JAR; dependency resolution actually uses 8.2.0-rc01-10154469.
Android Data Binding compiler suite,7.4.2,Apache-2.0,Copyright © 2005-2017 The Android Open Source Project,https://dl.google.com/dl/android/maven2/androidx/databinding/databinding-compiler/7.4.2/databinding-compiler-7.4.2.pom,https://dl.google.com/dl/android/maven2/androidx/databinding/databinding-compiler/7.4.2/databinding-compiler-7.4.2.jar,No,"Distributed with the plugin and cmd_line as separate compiler, compiler-common, common, and baseLibrary JARs. Jugg uses 7.4.2 instead of 8.7.3 because the latter contains class file version 61.0, which cannot load in Java 11 IDEs."
Android Data Binding compiler suite,8.7.3,Apache-2.0,Copyright © 2005-2017 The Android Open Source Project,https://dl.google.com/dl/android/maven2/androidx/databinding/databinding-compiler/8.7.3/databinding-compiler-8.7.3.pom,https://dl.google.com/dl/android/maven2/androidx/databinding/databinding-compiler/8.7.3/databinding-compiler-8.7.3.jar,No,"Not distributed in the current plugin or cmd_line release; replaced by 7.4.2 (see component 20). Version 8.7.3 contains Java 17 bytecode, so XMLParser$ElementContext cannot load in Java 11 IDEs such as Electric Eel."
Android Tools Annotations,30.4.2,Apache-2.0,Copyright © 2005-2013 The Android Open Source Project,https://dl.google.com/dl/android/maven2/com/android/tools/annotations/30.4.2/annotations-30.4.2.pom,https://dl.google.com/dl/android/maven2/com/android/tools/annotations/30.4.2/annotations-30.4.2.jar,No,Distributed in the cmd_line standalone distribution as a transitive dependency of Data Binding 7.4.2; coexists with Android Tools Annotations 31.7.3 in the plugin distribution.
Android Tools Annotations,31.7.3,Apache-2.0,Copyright © 2005-2013 The Android Open Source Project,https://dl.google.com/dl/android/maven2/com/android/tools/annotations/31.7.3/annotations-31.7.3.pom,https://dl.google.com/dl/android/maven2/com/android/tools/annotations/31.7.3/annotations-31.7.3.jar,No,Distributed with the plugin as a separate JAR dependency of the Android toolchain.
Android Tools libraries,31.2.0-rc01,Apache-2.0,Copyright © 2005-2013 The Android Open Source Project,https://dl.google.com/dl/android/maven2/com/android/tools/sdk-common/31.2.0-rc01/sdk-common-31.2.0-rc01.pom,https://dl.google.com/dl/android/maven2/com/android/tools/sdk-common/31.2.0-rc01/sdk-common-31.2.0-rc01.jar,No,"Several Android Tools components are embedded in R8 8.4.21 and grouped here because they share the same version, license, and modification status."
AOSP native support libraries suite,N/A,Apache-2.0,Copyright © 2005-2024 The Android Open Source Project,https://android.googlesource.com/platform/frameworks/base/+/refs/tags/android-14.0.0_r1/NOTICE / https://android.googlesource.com/platform/system/core/+/refs/tags/android-14.0.0_r1/libutils/NOTICE / https://android.googlesource.com/platform/system/libbase/+/refs/tags/android-14.0.0_r1/NOTICE,https://android.googlesource.com/platform/frameworks/base/+archive/refs/tags/android-14.0.0_r1.tar.gz / https://android.googlesource.com/platform/system/core/+archive/refs/tags/android-14.0.0_r1.tar.gz / https://android.googlesource.com/platform/system/libbase/+archive/refs/tags/android-14.0.0_r1.tar.gz,No,"libandroidfw, libutils, liblog, libcutils, libziparchive, libbase, libbuildversion, and libidmap2_policies are statically linked into the AAPT2 executable; the JVMTI agent separately links dynamically to liblog supplied by the Android device."
Apache Commons Codec,1.10,Apache-2.0,Copyright © 2002-2014 The Apache Software Foundation,https://repo1.maven.org/maven2/commons-codec/commons-codec/1.10/commons-codec-1.10.pom,https://repo1.maven.org/maven2/commons-codec/commons-codec/1.10/commons-codec-1.10.jar,No,Embedded in R8 8.4.21 and distributed with the R8 JAR.
Apache Commons Codec,1.16.0,Apache-2.0,Copyright © 2002-2023 The Apache Software Foundation,https://github.com/apache/commons-codec/blob/rel/commons-codec-1.16.0/LICENSE.txt,https://repo1.maven.org/maven2/commons-codec/commons-codec/1.16.0/commons-codec-1.16.0.jar,No,Distributed with the plugin as a separate JAR transitive dependency of JGit.
Apache Commons IO,2.13.0,Apache-2.0,Copyright © 2002-2023 The Apache Software Foundation,https://github.com/apache/commons-io/blob/rel/commons-io-2.13.0/LICENSE.txt,https://repo1.maven.org/maven2/commons-io/commons-io/2.13.0/commons-io-2.13.0.jar,No,Distributed with the plugin as a separate JAR direct dependency.
Apache Commons IO,2.4,Apache-2.0,Copyright © 2002-2012 The Apache Software Foundation,https://repo1.maven.org/maven2/commons-io/commons-io/2.4/commons-io-2.4.pom,https://repo1.maven.org/maven2/commons-io/commons-io/2.4/commons-io-2.4.jar,No,Distributed in the cmd_line standalone distribution as a transitive dependency of Data Binding 7.4.2; coexists with Commons IO 2.13.0 in the plugin distribution.
Apache Commons Logging,1.2,Apache-2.0,Copyright © 2003-2014 The Apache Software Foundation,https://repo1.maven.org/maven2/commons-logging/commons-logging/1.2/commons-logging-1.2.pom,https://repo1.maven.org/maven2/commons-logging/commons-logging/1.2/commons-logging-1.2.jar,No,Embedded in R8 8.4.21 and distributed with the R8 JAR.
Apache HttpClient / HttpMime,4.5.6,Apache-2.0,Copyright © 1999-2018 The Apache Software Foundation,https://repo1.maven.org/maven2/org/apache/httpcomponents/httpclient/4.5.6/httpclient-4.5.6.pom,https://repo1.maven.org/maven2/org/apache/httpcomponents/httpclient/4.5.6/httpclient-4.5.6.jar,No,Embedded in R8 8.4.21 and distributed with the R8 JAR.
Apache HttpCore,4.4.16,Apache-2.0,Copyright © 2005-2022 The Apache Software Foundation,https://repo1.maven.org/maven2/org/apache/httpcomponents/httpcore/4.4.16/httpcore-4.4.16.pom,https://repo1.maven.org/maven2/org/apache/httpcomponents/httpcore/4.4.16/httpcore-4.4.16.jar,No,Embedded in R8 8.4.21 and distributed with the R8 JAR.
"Apache Log4j, JetBrains dependency build",1.2.17.2,Apache-2.0,Copyright © 2007 The Apache Software Foundation,https://packages.jetbrains.team/maven/p/ij/intellij-dependencies/org/jetbrains/intellij/deps/log4j/1.2.17.2/log4j-1.2.17.2.pom,https://packages.jetbrains.team/maven/p/ij/intellij-dependencies/org/jetbrains/intellij/deps/log4j/1.2.17.2/log4j-1.2.17.2.jar,No,Embedded and relocated in Kotlin compiler 1.9.23 and distributed with the compiler JAR.
ArscBlamer,1.2.0,Apache-2.0,Copyright © 2016 Google Inc.,https://repo1.maven.org/maven2/io/github/shiqos/arscblamer/1.2.0/arscblamer-1.2.0.pom,https://repo1.maven.org/maven2/io/github/shiqos/arscblamer/1.2.0/arscblamer-1.2.0.jar,No,Distributed with the plugin as a separate JAR transitive dependency of Android Data Binding; Apache-2.0 was determined from the versioned POM and source file headers.
Auto Common,0.10,Apache-2.0,"Copyright © 2013-2017 Google, Inc.; Copyright © 2013 Square, Inc.",https://repo1.maven.org/maven2/com/google/auto/auto-common/0.10/auto-common-0.10.pom,https://repo1.maven.org/maven2/com/google/auto/auto-common/0.10/auto-common-0.10.jar,No,Distributed with the plugin as a separate JAR transitive dependency of Android Data Binding.
dex2jar dex-reader/dex-writer,2.1,Apache-2.0,Copyright © 2009-2014 Panxiaobo and contributors,https://github.com/pxb1988/dex2jar/blob/v2.1/LICENSE.txt,https://github.com/pxb1988/dex2jar/archive/refs/tags/v2.1.zip,No,"Distributed with the plugin as separate dex-reader, dex-reader-api, and dex-writer JARs."
Error Prone Annotations,2.18.0,Apache-2.0,Copyright © 2014-2021 The Error Prone Authors,https://github.com/google/error-prone/blob/v2.18.0/COPYING,https://repo1.maven.org/maven2/com/google/errorprone/error_prone_annotations/2.18.0/error_prone_annotations-2.18.0.jar,No,Embedded in R8 8.4.21 and distributed with the R8 JAR.
Error Prone Annotations,2.3.4,Apache-2.0,Copyright © 2014-2019 The Error Prone Authors,https://repo1.maven.org/maven2/com/google/errorprone/error_prone_annotations/2.3.4/error_prone_annotations-2.3.4.pom,https://repo1.maven.org/maven2/com/google/errorprone/error_prone_annotations/2.3.4/error_prone_annotations-2.3.4.jar,No,Distributed in the cmd_line standalone distribution as a transitive dependency of Guava 30.1-jre; coexists with Error Prone Annotations 2.18.0 embedded in R8.
Fast Infoset,1.2.16,Apache-2.0,Copyright © 2012-2018 Oracle and/or its affiliates,https://repo1.maven.org/maven2/com/sun/xml/fastinfoset/FastInfoset/1.2.16/FastInfoset-1.2.16.pom,https://repo1.maven.org/maven2/com/sun/xml/fastinfoset/FastInfoset/1.2.16/FastInfoset-1.2.16.jar,No,Distributed with the plugin as a separate JAR dependency of JAXB Runtime; this distribution selects Apache-2.0 from the upstream dual-license options.
fastutil,7.2.1,Apache-2.0,"Copyright © 2002-2017 Sebastiano Vigna, Paolo Boldi and contributors",https://github.com/vigna/fastutil/blob/7.2.1/LICENSE-2.0,https://repo1.maven.org/maven2/it/unimi/dsi/fastutil/7.2.1/fastutil-7.2.1.jar,No,Embedded in R8 8.4.21 and distributed with the R8 JAR.
Gson,2.10.1,Apache-2.0,"Copyright © 2008-2021 Google Inc., The Android Open Source Project and Gson authors",https://github.com/google/gson/blob/gson-parent-2.10.1/LICENSE,https://repo1.maven.org/maven2/com/google/code/gson/gson/2.10.1/gson-2.10.1.jar,No,Distributed with the plugin as a separate JAR direct dependency.
Guava,29.0-jre,Apache-2.0,Copyright © 2005-2020 The Guava Authors,https://repo1.maven.org/maven2/com/google/guava/guava/29.0-jre/guava-29.0-jre.pom,https://repo1.maven.org/maven2/com/google/guava/guava/29.0-jre/guava-29.0-jre.jar,No,Guava 29.0-jre is embedded and relocated in Kotlin compiler 1.9.23; it coexists with Guava 32.1.2-jre embedded in R8.
Guava,30.1-jre,Apache-2.0,Copyright © 2005-2021 The Guava Authors,https://repo1.maven.org/maven2/com/google/guava/guava/30.1-jre/guava-30.1-jre.pom,https://repo1.maven.org/maven2/com/google/guava/guava/30.1-jre/guava-30.1-jre.jar,No,Distributed in the cmd_line standalone distribution as a transitive dependency of Data Binding 7.4.2; coexists with other Guava versions embedded in R8 and Kotlin compiler.
Guava,32.1.2-jre,Apache-2.0,Copyright © 2005-2021 The Guava Authors,https://github.com/google/guava/blob/v32.1.2/guava/pom.xml,https://repo1.maven.org/maven2/com/google/guava/guava/32.1.2-jre/guava-32.1.2-jre.jar,No,Embedded in R8 8.4.21 and distributed with the R8 JAR.
Guava FailureAccess,1.0.1,Apache-2.0,Copyright © 2018 The Guava Authors,https://repo1.maven.org/maven2/com/google/guava/failureaccess/1.0.1/failureaccess-1.0.1.pom,https://repo1.maven.org/maven2/com/google/guava/failureaccess/1.0.1/failureaccess-1.0.1.jar,No,Embedded in R8 8.4.21 and distributed with the R8 JAR.
IntelliJ fastutil fork,8.5.4-9,Apache-2.0,"Copyright © 2002-2021 Sebastiano Vigna, Paolo Boldi and contributors",https://packages.jetbrains.team/maven/p/ij/intellij-dependencies/org/jetbrains/intellij/deps/fastutil/intellij-deps-fastutil/8.5.4-9/intellij-deps-fastutil-8.5.4-9.pom,https://packages.jetbrains.team/maven/p/ij/intellij-dependencies/org/jetbrains/intellij/deps/fastutil/intellij-deps-fastutil/8.5.4-9/intellij-deps-fastutil-8.5.4-9.jar,No,The IntelliJ fastutil fork is embedded and relocated in Kotlin compiler 1.9.23 and distributed with the compiler JAR.
IntelliJ IDEA Annotations,13.0,Apache-2.0,Copyright © 2000-2012 JetBrains s.r.o.,https://repo1.maven.org/maven2/org/jetbrains/annotations/13.0/annotations-13.0.pom,https://repo1.maven.org/maven2/org/jetbrains/annotations/13.0/annotations-13.0.jar,No,Distributed with the plugin as a separate JAR dependency of Kotlin compiler.
IntelliJ Platform Core / JPS Model,213.7172.53,Apache-2.0,Copyright © 2000-2021 JetBrains s.r.o. and contributors,https://www.jetbrains.com/intellij-repository/releases/com/jetbrains/intellij/platform/jps-model/213.7172.53/jps-model-213.7172.53.pom,https://www.jetbrains.com/intellij-repository/releases/com/jetbrains/intellij/platform/jps-model/213.7172.53/jps-model-213.7172.53.jar,No,IntelliJ Platform Core and JPS Model are embedded in Kotlin compiler 1.9.23 and grouped here because they share the same license and modification status.
J2ObjC Annotations,1.3,Apache-2.0,Copyright © 2012 Google Inc.,https://repo1.maven.org/maven2/com/google/j2objc/j2objc-annotations/1.3/j2objc-annotations-1.3.pom,https://repo1.maven.org/maven2/com/google/j2objc/j2objc-annotations/1.3/j2objc-annotations-1.3.jar,No,Distributed in the cmd_line standalone distribution as a transitive dependency of Guava 30.1-jre; coexists with J2ObjC Annotations 2.8 embedded in R8.
J2ObjC Annotations,2.8,Apache-2.0,Copyright © 2012 Google Inc.,https://repo1.maven.org/maven2/com/google/j2objc/j2objc-annotations/2.8/j2objc-annotations-2.8.pom,https://repo1.maven.org/maven2/com/google/j2objc/j2objc-annotations/2.8/j2objc-annotations-2.8.jar,No,"An optional compile-time dependency of Guava, but explicitly listed as distributed with R8 in the R8 license inventory."
Jansi,1.16,Apache-2.0,Copyright © 2009-2017 the original authors,https://repo1.maven.org/maven2/org/fusesource/jansi/jansi/1.16/jansi-1.16.pom,https://repo1.maven.org/maven2/org/fusesource/jansi/jansi/1.16/jansi-1.16.jar,No,Embedded and relocated in Kotlin compiler 1.9.23 and distributed with the compiler JAR.
Java Native Access / JNA Platform,5.6.0,Apache-2.0,"Copyright © 2007-2020 Timothy Wall, Olivier Chafik and contributors",https://github.com/java-native-access/jna/blob/5.6.0/LICENSE,https://repo1.maven.org/maven2/net/java/dev/jna/jna-platform/5.6.0/jna-platform-5.6.0.jar,No,JNA and JNA Platform are embedded in R8 8.4.21; this distribution selects Apache-2.0 from the upstream dual-license options.
"Java Native Access, JetBrains dependency build",5.9.0.26,Apache-2.0,"Copyright © 2007-2021 Timothy Wall, Olivier Chafik and contributors",https://github.com/java-native-access/jna/blob/5.9.0/LICENSE,https://packages.jetbrains.team/maven/p/ij/intellij-dependencies/org/jetbrains/intellij/deps/jna/jna/5.9.0.26/jna-5.9.0.26.jar,No,JNA and JNA Platform are embedded and relocated in Kotlin compiler 1.9.23; this distribution selects Apache-2.0 from the upstream dual-license options.
JavaEWAH,1.2.3,Apache-2.0,"Copyright © 2009-2016 Daniel Lemire, Cliff Moon, David McIntosh and contributors",https://repo1.maven.org/maven2/com/googlecode/javaewah/JavaEWAH/1.2.3/JavaEWAH-1.2.3.pom,https://repo1.maven.org/maven2/com/googlecode/javaewah/JavaEWAH/1.2.3/JavaEWAH-1.2.3.jar,No,Distributed with the plugin as a separate JAR transitive dependency of JGit.
JavaParser Core,3.17.0,Apache-2.0,Copyright © 2007-2010 Júlio Vilmar Gesser; 2011-2020 The JavaParser Team,https://github.com/javaparser/javaparser/blob/javaparser-parent-3.17.0/LICENSE,https://repo1.maven.org/maven2/com/github/javaparser/javaparser-core/3.17.0/javaparser-core-3.17.0.jar,No,Distributed with the plugin as a separate JAR direct dependency; this distribution selects Apache-2.0 from the upstream dual-license options.
JavaPoet,1.10.0,Apache-2.0,"Copyright © 2014-2016 Google, Inc. and Square, Inc.",https://github.com/square/javapoet/blob/javapoet-1.10.0/LICENSE.txt,https://repo1.maven.org/maven2/com/squareup/javapoet/1.10.0/javapoet-1.10.0.jar,No,Distributed with the plugin as a separate JAR transitive dependency of Android Data Binding.
Javaslang,2.0.6,Apache-2.0,Copyright © 2014-2017 Javaslang contributors,https://repo1.maven.org/maven2/io/javaslang/javaslang/2.0.6/javaslang-2.0.6.pom,https://repo1.maven.org/maven2/io/javaslang/javaslang/2.0.6/javaslang-2.0.6.jar,No,"Embedded in Kotlin compiler 1.9.23, retaining the javaslang.* package name, and distributed with the compiler JAR."
javax.inject / JSR-330,1,Apache-2.0,Copyright © 2009 The JSR-330 Expert Group,https://repo1.maven.org/maven2/javax/inject/javax.inject/1/javax.inject-1.pom,https://repo1.maven.org/maven2/javax/inject/javax.inject/1/javax.inject-1.jar,No,Embedded in R8 8.4.21 and distributed with the R8 JAR.
Jetifier Core,1.0.0-beta10,Apache-2.0,Copyright © 2018 The Android Open Source Project,https://dl.google.com/dl/android/maven2/com/android/tools/build/jetifier/jetifier-core/1.0.0-beta10/jetifier-core-1.0.0-beta10.pom,https://dl.google.com/dl/android/maven2/com/android/tools/build/jetifier/jetifier-core/1.0.0-beta10/jetifier-core-1.0.0-beta10.jar,No,Distributed with the plugin as a separate JAR transitive dependency of Android Data Binding.
Jimfs,1.1,Apache-2.0,Copyright © 2013-2016 Google Inc.,https://github.com/google/jimfs/blob/v1.1/LICENSE,https://repo1.maven.org/maven2/com/google/jimfs/jimfs/1.1/jimfs-1.1.jar,No,Embedded in R8 8.4.21 and distributed with the R8 JAR.
JSR-305 Annotations,3.0.2,Apache-2.0,Copyright © 2005 Brian Goetz and contributors,https://repo1.maven.org/maven2/com/google/code/findbugs/jsr305/3.0.2/jsr305-3.0.2.pom,https://repo1.maven.org/maven2/com/google/code/findbugs/jsr305/3.0.2/jsr305-3.0.2.jar,No,Embedded in R8 8.4.21 and distributed with the R8 JAR.
Kotlin compiler/runtime suite,1.9.23,Apache-2.0,Copyright © 2010-2023 JetBrains s.r.o. and respective authors and developers,https://github.com/JetBrains/kotlin/blob/v1.9.23/license/LICENSE.txt,https://github.com/JetBrains/kotlin/archive/refs/tags/v1.9.23.zip,No,"Distributed with the plugin as multiple separate JARs including compiler, daemon, reflect, script runtime, and stdlib-jdk7/jdk8; components embedded in the compiler are listed separately."
Kotlin Metadata JVM,2.2.21,Apache-2.0,Copyright © 2010-2024 JetBrains s.r.o. and respective authors and developers,https://github.com/JetBrains/kotlin/blob/v2.2.21/license/LICENSE.txt,https://repo1.maven.org/maven2/org/jetbrains/kotlin/kotlin-metadata-jvm/2.2.21/kotlin-metadata-jvm-2.2.21.jar,No,Distributed with the plugin as a separate JAR direct dependency.
Kotlin Reflect,1.9.0,Apache-2.0,Copyright © 2010-2023 JetBrains s.r.o. and Kotlin contributors,https://github.com/JetBrains/kotlin/blob/v1.9.0/license/LICENSE.txt,https://repo1.maven.org/maven2/org/jetbrains/kotlin/kotlin-reflect/1.9.0/kotlin-reflect-1.9.0.jar,No,Embedded in R8 8.4.21 and distributed with the R8 JAR.
Kotlin Standard Library,1.9.21,Apache-2.0,Copyright © 2010-2023 JetBrains s.r.o. and Kotlin contributors,https://github.com/JetBrains/kotlin/blob/v1.9.21/license/LICENSE.txt,https://repo1.maven.org/maven2/org/jetbrains/kotlin/kotlin-stdlib/1.9.21/kotlin-stdlib-1.9.21.jar,No,Embedded in R8 8.4.21 through kotlinx-metadata-jvm; coexists with the plugin's top-level Kotlin Standard Library 2.2.21.
Kotlin Standard Library,2.2.21,Apache-2.0,Copyright © 2010-2024 JetBrains s.r.o. and respective authors and developers,https://github.com/JetBrains/kotlin/blob/v2.2.21/license/LICENSE.txt,https://repo1.maven.org/maven2/org/jetbrains/kotlin/kotlin-stdlib/2.2.21/kotlin-stdlib-2.2.21.jar,No,Distributed with the plugin as a separate JAR transitive dependency of Kotlin Metadata JVM.
kotlinx-coroutines-core-jvm,1.6.4,Apache-2.0,Copyright © 2016-2022 JetBrains s.r.o.,https://github.com/Kotlin/kotlinx.coroutines/blob/1.6.4/LICENSE.txt,https://repo1.maven.org/maven2/org/jetbrains/kotlinx/kotlinx-coroutines-core-jvm/1.6.4/kotlinx-coroutines-core-jvm-1.6.4.jar,No,Distributed with the plugin as a separate JAR direct dependency.
kotlinx-metadata-jvm,0.9.0,Apache-2.0,Copyright © 2010-2023 JetBrains s.r.o. and Kotlin Programming Language contributors,https://repo1.maven.org/maven2/org/jetbrains/kotlinx/kotlinx-metadata-jvm/0.9.0/kotlinx-metadata-jvm-0.9.0.pom,https://repo1.maven.org/maven2/org/jetbrains/kotlinx/kotlinx-metadata-jvm/0.9.0/kotlinx-metadata-jvm-0.9.0.jar,No,Distributed with the plugin as a separate JAR direct dependency.
kotlinx.collections.immutable JVM,0.3.1,Apache-2.0,Copyright © 2016-2019 JetBrains s.r.o.,https://github.com/Kotlin/kotlinx.collections.immutable/blob/v0.3.1/LICENSE.txt,https://repo1.maven.org/maven2/org/jetbrains/kotlinx/kotlinx-collections-immutable-jvm/0.3.1/kotlinx-collections-immutable-jvm-0.3.1.jar,No,Embedded and relocated in Kotlin compiler 1.9.23 and distributed with the compiler JAR.
LZ4 Java,1.7.1,Apache-2.0,"Copyright © 2011-2019 Adrien Grand, Yann Collet and contributors",https://github.com/lz4/lz4-java/blob/1.7.1/LICENSE.txt,https://repo1.maven.org/maven2/org/lz4/lz4-java/1.7.1/lz4-java-1.7.1.jar,No,Embedded and relocated in Kotlin compiler 1.9.23 and distributed with the compiler JAR.
OkHttp,4.12.0,Apache-2.0,"Copyright © 2012-2019 Square, Inc., The Android Open Source Project and contributors",https://github.com/square/okhttp/blob/parent-4.12.0/LICENSE.txt,https://repo1.maven.org/maven2/com/squareup/okhttp3/okhttp/4.12.0/okhttp-4.12.0.jar,No,Distributed with the plugin as a separate JAR direct dependency for networking.
Okio,3.6.0,Apache-2.0,"Copyright © 2014-2021 Square, Inc. and others",https://github.com/square/okio/blob/parent-3.6.0/LICENSE.txt,https://repo1.maven.org/maven2/com/squareup/okio/okio-jvm/3.6.0/okio-jvm-3.6.0.jar,No,Distributed with the plugin as a separate JAR transitive dependency of OkHttp.
StreamEx,0.7.2,Apache-2.0,"Copyright © 2015, 2019 StreamEx contributors",https://repo1.maven.org/maven2/one/util/streamex/0.7.2/streamex-0.7.2.pom,https://repo1.maven.org/maven2/one/util/streamex/0.7.2/streamex-0.7.2.jar,No,Embedded and relocated in Kotlin compiler 1.9.23 and distributed with the compiler JAR.
Xerces2 Java,2.12.0,Apache-2.0,"Copyright © 1999-2018 The Apache Software Foundation; IBM, Sun and other contributors",https://repo1.maven.org/maven2/xerces/xercesImpl/2.12.0/xercesImpl-2.12.0.pom,https://repo1.maven.org/maven2/xerces/xercesImpl/2.12.0/xercesImpl-2.12.0.jar,No,Embedded in R8 8.4.21 and distributed with the R8 JAR.
"LLVM libc++, Android toolchain build",N/A,Apache-2.0 WITH LLVM-exception,Copyright © 2009-2024 LLVM Project contributors,https://android.googlesource.com/toolchain/llvm-project/+/477610d4d0d988e69dbc3fae4fe86bff3f07f2b5/LICENSE.TXT,https://android.googlesource.com/toolchain/llvm-project/+/477610d4d0d988e69dbc3fae4fe86bff3f07f2b5/libcxx/,No,Statically linked as libc++_static into the distributed AAPT2 executable; corresponds to Android clang r510928 / LLVM commit 477610d4d0d988e69dbc3fae4fe86bff3f07f2b5; no independent release version can be mapped.
ASM,9.8,BSD-3-Clause,"Copyright © 2000-2011 INRIA, France Telecom",https://gitlab.ow2.org/asm/asm/-/blob/ASM_9_8/LICENSE.txt,https://repo1.maven.org/maven2/org/ow2/asm/asm/9.8/asm-9.8.jar,Yes,"Distributed with the plugin as three repackaged JARs; org.objectweb.asm was relocated into a Jugg-private package, and module-info.class was additionally removed from asm-commons."
StAX2 API,4.2.1,BSD License,Copyright © 2005-present Tatu Saloranta and contributors,https://repo1.maven.org/maven2/org/codehaus/woodstox/stax2-api/4.2.1/stax2-api-4.2.1.pom,https://repo1.maven.org/maven2/org/codehaus/woodstox/stax2-api/4.2.1/stax2-api-4.2.1.jar,No,Embedded and relocated in Kotlin compiler 1.9.23 and distributed with the compiler JAR.
"ANTLR 4 Runtime, relocated in Data Binding",4.5.3,BSD-3-Clause,"Copyright © 2015 Terence Parr, Sam Harwell",https://github.com/antlr/antlr4/blob/4.5.3/LICENSE.txt,https://repo1.maven.org/maven2/org/antlr/antlr4-runtime/4.5.3/antlr4-runtime-4.5.3.jar,No,Relocated code is embedded in Data Binding compiler-common 7.4.2 and distributed with it; packaged by upstream Data Binding.
ASM,9.6,BSD-3-Clause,"Copyright © 2000-2011 INRIA, France Telecom",https://gitlab.ow2.org/asm/asm/-/blob/ASM_9_6/LICENSE.txt,https://repo1.maven.org/maven2/org/ow2/asm/asm/9.6/asm-9.6.jar,No,"ASM 9.6 core, tree, analysis, commons, and util code is embedded in R8 8.4.21; it differs in version and modification status from separately repackaged ASM 9.8."
"ASM all, JetBrains dependency build",9.0,BSD-3-Clause,"Copyright © 2000-2011 INRIA, France Telecom",https://gitlab.ow2.org/asm/asm/-/blob/ASM_9_0/LICENSE.txt,https://packages.jetbrains.team/maven/p/ij/intellij-dependencies/org/jetbrains/intellij/deps/asm-all/9.0/asm-all-9.0.jar,No,ASM 9.0 is embedded and relocated in Kotlin compiler 1.9.23; it coexists with ASM 9.6 embedded in R8 and separately repackaged ASM 9.8.
JLine 3,3.3.1,BSD-3-Clause,Copyright © 2002-2017 the original author or authors,https://github.com/jline/jline3/blob/jline-3.3.1/LICENSE.txt,https://repo1.maven.org/maven2/org/jline/jline/3.3.1/jline-3.3.1.jar,No,Embedded and relocated in Kotlin compiler 1.9.23 and distributed with the compiler JAR.
"JSch, mwiede fork",0.2.16,BSD-3-Clause,"Copyright © 2002-2015 Atsuhiko Yamanaka, JCraft, Inc.",https://github.com/mwiede/jsch/blob/jsch-0.2.16/LICENSE.txt,https://repo1.maven.org/maven2/com/github/mwiede/jsch/0.2.16/jsch-0.2.16.jar,No,Distributed with the plugin as a separate JAR direct dependency for SSH; JZlib and jBCrypt embedded in the JAR are listed separately.
"JZlib, embedded in JSch",N/A,BSD-3-Clause,"Copyright © 2000-2011 ymnk, JCraft, Inc.",https://github.com/mwiede/jsch/blob/jsch-0.2.16/LICENSE.JZlib.txt,https://repo1.maven.org/maven2/com/github/mwiede/jsch/0.2.16/jsch-0.2.16.jar,No,"Code is embedded in JSch 0.2.16 and distributed with its JAR; upstream does not identify the embedded version, so no version is specified."
"PicoContainer, IntelliJ slimmed-down fork",N/A,BSD-3-Clause,Copyright © PicoContainer Organization; Copyright © 2003 NanoContainer Organization,https://github.com/JetBrains/intellij-community/blob/idea/213.7172.25/license/picoContainer_license.txt,https://repo1.maven.org/maven2/org/jetbrains/kotlin/kotlin-compiler-embeddable/1.9.23/kotlin-compiler-embeddable-1.9.23.jar,No,"A reduced and relocated PicoContainer API is embedded in Kotlin compiler 1.9.23; upstream did not retain a reliably mappable standalone version, so no version is specified."
Protocol Buffers Java,3.19.3,BSD-3-Clause,Copyright © 2008 Google Inc. and protobuf contributors,https://github.com/protocolbuffers/protobuf/blob/v3.19.3/LICENSE,https://repo1.maven.org/maven2/com/google/protobuf/protobuf-java/3.19.3/protobuf-java-3.19.3.jar,No,Embedded in R8 Resource Shrinker and distributed with the R8 JAR; listed separately from native Protocol Buffers statically linked into AAPT2 inclink.
"Protocol Buffers, AOSP native runtime",N/A,BSD-3-Clause,Copyright © 2008 Google Inc. and protobuf contributors,https://android.googlesource.com/platform/external/protobuf/+/refs/heads/master/LICENSE,https://android.googlesource.com/platform/external/protobuf/+archive/refs/heads/master.tar.gz,No,"Statically linked as libprotobuf-cpp-full into the distributed AAPT2 executable; the binary does not expose a reliably mappable version, so no version is specified."
"Protocol Buffers, Kotlin relocated fork",2.6.1-1,BSD-3-Clause,Copyright © 2008 Google Inc.,https://github.com/protocolbuffers/protobuf/blob/v2.6.1/LICENSE,https://repo1.maven.org/maven2/org/jetbrains/kotlin/kotlin-compiler-embeddable/1.9.23/kotlin-compiler-embeddable-1.9.23.jar,No,"This fork is embedded and relocated in Kotlin compiler 1.9.23; no standalone public JAR exists, and the code is distributed with the compiler JAR."
Eclipse JGit,6.8.0.202311291450-r,EDL-1.0,"Copyright © 2007 Eclipse Foundation, Inc. and its licensors; JGit contributors",https://github.com/eclipse-jgit/jgit/blob/v6.8.0.202311291450-r/LICENSE,https://repo1.maven.org/maven2/org/eclipse/jgit/org.eclipse.jgit/6.8.0.202311291450-r/org.eclipse.jgit-6.8.0.202311291450-r.jar,No,Distributed with the plugin as a separate JAR direct dependency for Git.
istack-commons-runtime,3.0.8,EDL-1.0 (BSD-3-Clause),Copyright © 2017 Oracle and/or its affiliates,https://repo1.maven.org/maven2/com/sun/istack/istack-commons-runtime/3.0.8/istack-commons-runtime-3.0.8.pom,https://repo1.maven.org/maven2/com/sun/istack/istack-commons-runtime/3.0.8/istack-commons-runtime-3.0.8.jar,No,Distributed with the plugin as a separate JAR dependency of JAXB Runtime.
Jakarta Activation API,1.2.1,EDL-1.0 (BSD-3-Clause),Copyright © 2018 Oracle and/or its affiliates,https://repo1.maven.org/maven2/jakarta/activation/jakarta.activation-api/1.2.1/jakarta.activation-api-1.2.1.pom,https://repo1.maven.org/maven2/jakarta/activation/jakarta.activation-api/1.2.1/jakarta.activation-api-1.2.1.jar,No,Distributed with the plugin as a separate JAR dependency of JAXB Runtime.
Jakarta XML Binding API,2.3.2,EDL-1.0 (BSD-3-Clause),Copyright © 2017-2018 Oracle and/or its affiliates,https://repo1.maven.org/maven2/jakarta/xml/bind/jakarta.xml.bind-api/2.3.2/jakarta.xml.bind-api-2.3.2.pom,https://repo1.maven.org/maven2/jakarta/xml/bind/jakarta.xml.bind-api/2.3.2/jakarta.xml.bind-api-2.3.2.jar,No,Distributed with the plugin as a separate JAR dependency of JAXB Runtime.
JAXB Runtime and TXW2,2.3.2,EDL-1.0 (BSD-3-Clause),Copyright © 2018 Oracle and/or its affiliates,https://repo1.maven.org/maven2/org/glassfish/jaxb/jaxb-runtime/2.3.2/jaxb-runtime-2.3.2.pom,https://repo1.maven.org/maven2/org/glassfish/jaxb/jaxb-runtime/2.3.2/jaxb-runtime-2.3.2.jar,No,Distributed with the plugin as separate JAXB Runtime and TXW2 JARs.
StAX-Ex,1.8.1,EDL-1.0 (BSD-3-Clause),Copyright © 2017 Oracle and/or its affiliates,https://repo1.maven.org/maven2/org/jvnet/staxex/stax-ex/1.8.1/stax-ex-1.8.1.pom,https://repo1.maven.org/maven2/org/jvnet/staxex/stax-ex/1.8.1/stax-ex-1.8.1.jar,No,Distributed with the plugin as a separate JAR dependency of JAXB Runtime.
JDOM,2.0.6,JDOM License (BSD-style),"Copyright © 2000-2012 Jason Hunter, Brett McLaughlin and JDOM contributors",https://github.com/hunterhacker/jdom/blob/JDOM-2.0.6/LICENSE.txt,https://packages.jetbrains.team/maven/p/ij/intellij-dependencies/org/jetbrains/intellij/deps/jdom/2.0.6/jdom-2.0.6.jar,No,JDOM 2.0.6 is embedded and relocated in Kotlin compiler 1.9.23 and distributed with the compiler JAR.
Bouncy Castle Provider / PKIX,1.67,MIT,Copyright © 2000-2020 The Legion of the Bouncy Castle Inc.,https://github.com/bcgit/bc-java/blob/r1rv67/LICENSE.html,https://repo1.maven.org/maven2/org/bouncycastle/bcprov-jdk15on/1.67/bcprov-jdk15on-1.67.jar,No,"Bouncy Castle Provider and PKIX code is embedded in R8 8.4.21 and grouped here because it shares the same version, license, and modification status."
Checker Qual,3.33.0,MIT,Copyright © 2004-present Checker Framework developers,https://github.com/typetools/checker-framework/blob/checker-framework-3.33.0/checker-qual/LICENSE.txt,https://repo1.maven.org/maven2/org/checkerframework/checker-qual/3.33.0/checker-qual-3.33.0.jar,No,Embedded in R8 8.4.21 and distributed with the R8 JAR.
Checker Qual,3.5.0,MIT,Copyright © 2004-present by the Checker Framework developers,https://github.com/typetools/checker-framework/blob/checker-framework-3.5.0/checker-qual/LICENSE.txt,https://repo1.maven.org/maven2/org/checkerframework/checker-qual/3.5.0/checker-qual-3.5.0.jar,No,Distributed in the cmd_line standalone distribution as a transitive dependency of Guava 30.1-jre; coexists with Checker Qual 3.33.0 embedded in R8.
ClassGraph,4.8.110,MIT,Copyright © 2019 Luke Hutchison,https://github.com/classgraph/classgraph/blob/classgraph-4.8.110/LICENSE-ClassGraph.txt,https://repo1.maven.org/maven2/io/github/classgraph/classgraph/4.8.110/classgraph-4.8.110.jar,No,Distributed with the plugin as a separate JAR direct dependency.
Expat,2.6.0,MIT,Copyright © 1998-2000 Thai Open Source Software Center Ltd.; Expat contributors,https://github.com/libexpat/libexpat/blob/R_2_6_0/expat/COPYING,https://github.com/libexpat/libexpat/archive/refs/tags/R_2_6_0.tar.gz,No,Statically linked into the distributed AAPT2 executable; the binary includes Expat 2.6.0.
SLF4J API / NOP binding,1.7.36,MIT,Copyright © 2004-2017 QOS.ch,https://github.com/qos-ch/slf4j/blob/v_1.7.36/LICENSE.txt,https://repo1.maven.org/maven2/org/slf4j/slf4j-nop/1.7.36/slf4j-nop-1.7.36.jar,No,SLF4J API and NOP binding are distributed as separate JARs in the cmd_line distribution to provide a logging binding that emits no output.
"jBCrypt, embedded in JSch",N/A,ISC,Copyright © 2006 Damien Miller,https://github.com/mwiede/jsch/blob/jsch-0.2.16/LICENSE.jBCrypt.txt,https://repo1.maven.org/maven2/com/github/mwiede/jsch/0.2.16/jsch-0.2.16.jar,No,"Code is embedded in JSch 0.2.16 and distributed with its JAR; upstream does not identify the embedded version, so no version is specified."
"zlib, Android platform API",N/A,zlib License,Copyright © 1995-2023 Jean-loup Gailly and Mark Adler,https://android.googlesource.com/platform/external/zlib/+/refs/heads/master/zlib.h,https://android.googlesource.com/platform/external/zlib/+archive/refs/heads/master.tar.gz,No,"At runtime the JVMTI agent dynamically links to libz.so supplied by the Android device; the plugin does not bundle that platform library; its runtime version depends on the device, so no version is specified."
"zlib, AOSP motley variant",1.3.0.1-motley,zlib License,Copyright © 1995-2023 Jean-loup Gailly and Mark Adler,https://android.googlesource.com/platform/external/zlib/+/932a58803c3d13295215446fa2bbf1aba5d327ef/zlib.h,https://android.googlesource.com/platform/external/zlib/+archive/932a58803c3d13295215446fa2bbf1aba5d327ef.tar.gz,No,The AOSP motley variant is statically linked into the distributed AAPT2 executable; version 1.3.0.1-motley.
libpng,1.6.40,Libpng-2.0,Copyright © 1995-2023 libpng authors,https://github.com/pnggroup/libpng/blob/v1.6.40/LICENSE,https://github.com/pnggroup/libpng/archive/refs/tags/v1.6.40.tar.gz,No,Statically linked into the distributed AAPT2 executable; the binary includes libpng 1.6.40.
